swapSweep(outputVal "Corner") ,swapSweep(outputVal "Corner") Y
test0,0.9041585839742226
test1,0.9053596474034578
test2,0.9055928470983045
test3,0.9049376859753461
test4,0.9056802474549768
test5,0.9071095893242858
test6,0.9075563550959038
test7,0.9066665641676025
test8,0.9050111227018883
test9,0.9034106738798023
test10,0.9039109495309351
test11,0.9041395521938149
test12,0.9048024715922927
test13,0.9062610331435093
test14,0.9063418622496944
test15,0.9054341877690112
test16,0.9068492222912312
test17,0.9093715115692511
test18,0.9101450034998476
test19,0.9089494482387572
test20,0.9067134829788014
test21,0.9045606623437955
test22,0.9057772582456778
test23,0.9070394587644482
test24,0.9076016491057938
test25,0.9097544873636588
test26,0.9095397825455345
test27,0.9097713824736388
test28,0.9105675876038053
test29,0.912421390492978
test30,0.9131919530492471
test31,0.9119196510245371
test32,0.9097277016442818
test33,0.9078481954260693
test34,0.9088570559801085
test35,0.9099816302319792
test36,0.9109960415994375
test37,0.9121531610285463
test38,0.911724229084091
test39,0.9113411013539836
test40,0.9143043027839448
test41,0.9166281444412211
test42,0.9184326570349376
test43,0.9158739831502223
test44,0.9131390902177988
test45,0.9109100601742269
test46,0.9117655228939615
test47,0.9129931241022606
test48,0.9131919530492471
test49,0.9162501497228908
test50,0.9177174141386344
test51,0.9172580240946536
test52,0.9184326570349376
test53,0.9210224170073429
test54,0.9223719958939128
test55,0.9196964603533763
test56,0.9161121105915402
test57,0.9125105539107182
test58,0.9130466106513238
test59,0.9138256131599906
test60,0.9125190478029879
test61,0.9158398055461628
test62,0.9172580240946536
test63,0.9175053986435769
test64,0.92054830910559
test65,0.9254490491372821
test66,0.9260150212677555
test67,0.9225251138392869
test68,0.9183249925325018
test69,0.9148309014829328
test70,0.9160072735153835
test71,0.9184326570349376
test72,0.9181587269489609
test73,0.92054830910559
test74,0.9223719958939128
test75,0.9225985417274263
test76,0.9272670562236662
test77,0.9343830023036752
test78,0.9350105841080099
test79,0.9303961367279419
test80,0.9249505097028463
test81,0.919916820506487
test82,0.9222803465215685
test83,0.9245634304293032
test84,0.9237845181048846
test85,0.9274623470359642
test86,0.9288991049908352
test87,0.929156877165733
test88,0.9355606195650519
test89,0.9433378577294078
test90,0.9443625397763562
test91,0.9377246352989118
test92,0.9300774614698708
test93,0.9242101970743819
test94,0.9262042441585788
test95,0.9289117265257953
test96,0.9278087746901282
test97,0.9330484967467085
test98,0.934744535356242
test99,0.9347954264697897
test100,0.9428412609027215
test101,0.9524822274768198
test102,0.9552710947627654
test103,0.9472828817920929
test104,0.9371425156181352
test105,0.9298256979236622
test106,0.9310661641049292
test107,0.9331412756355607
test108,0.9306321373623443
test109,0.9343830023036752
test110,0.9350105841080099
test111,0.9359485918455793
test112,0.9452966620515011
test113,0.9568447295969602
test114,0.9618121969471475
test115,0.9493830553531237
test116,0.9383143302936972
test117,0.9309037301483182
test118,0.9313161108698855
test119,0.9348465502081076
test120,0.9341749071674282
test121,0.9404369219757048
test122,0.9425468748375398
test123,0.9451103414185807
test124,0.9531574715228193
test125,0.9670849416242773
test126,0.973840448517837
test127,0.9603732877941471
test128,0.946986923412565
test129,0.9389313485022736
test130,0.9415395942169118
test131,0.9450485069537704
test132,0.9424955073805422
test133,0.9448229902058072
test134,0.9518122851296649
test135,0.9556451891968407
test136,0.9648579743419066
test137,0.982314299805998
test138,0.9862985680858466
test139,0.9700610747962768
test140,0.9571210191578348
test141,0.9450806005416192
