swapSweep(swapSweep(outputVal "in0step0") "Corner") ,swapSweep(swapSweep(outputVal "in0step0") "Corner") Y
test0,0.9061762181238647
test1,0.9073652515344639
test2,0.907590368598159
test3,0.9069384567427972
test4,0.9076869522551551
test5,0.9090805133868017
test6,0.9095112407266612
test7,0.9086215937590235
test8,0.9070277992322412
test9,0.9054632909197364
test10,0.9059213501408196
test11,0.9061489375368834
test12,0.9068219214752972
test13,0.9082434244312728
test14,0.9083329683737021
test15,0.9074309354654576
test16,0.9088274424926236
test17,0.9112927378321484
test18,0.9120722185951681
test19,0.9108840487962775
test20,0.908663510423812
test21,0.9065653963795932
test22,0.9077857528912695
test23,0.9089962850870673
test24,0.9095607980059586
test25,0.9117260334413024
test26,0.9114587874995169
test27,0.9117074404069582
test28,0.9124724001442551
test29,0.9142922774416908
test30,0.9150461192291216
test31,0.9137923664163502
test32,0.9116461601129414
test33,0.9097887305071225
test34,0.9107965071462518
test35,0.9118867843427525
test36,0.9128709187341053
test37,0.9140670596843796
test38,0.9136059173446567
test39,0.9132439947876683
test40,0.9161818145957148
test41,0.9184248443462397
test42,0.9201749399864229
test43,0.9176508242106644
test44,0.9150052407904553
test45,0.9128050399737011
test46,0.9136997584227763
test47,0.9148544104644243
test48,0.9150461192291216
test49,0.9180862426233705
test50,0.9194755135229923
test51,0.9190239705146723
test52,0.9201749399864229
test53,0.9226542029683353
test54,0.9239768983160584
test55,0.9213591082763654
test56,0.9178923483145482
test57,0.9143699105373421
test58,0.9148982559277029
test59,0.9156644384087087
test60,0.9143975594407048
test61,0.9176874089289808
test62,0.9190239705146723
test63,0.9192774677506698
test64,0.9222444414329606
test65,0.9269142285718484
test66,0.927470450776994
test67,0.9240883876285942
test68,0.920042201823867
test69,0.9166253452122027
test70,0.917838789872409
test71,0.9201749399864229
test72,0.9198777845867463
test73,0.9222444414329606
test74,0.9239768983160584
test75,0.9241888787131126
test76,0.92864784549968
test77,0.935524201645233
test78,0.9360699132123079
test79,0.9315853846576724
test80,0.9264187059581325
test81,0.9215722260061242
test82,0.9238789280210827
test83,0.9260821881695238
test84,0.9253263673027169
test85,0.928873491736276
test86,0.9301858034387543
test87,0.9304741515952566
test88,0.9366201611188554
test89,0.9440264248918855
test90,0.9449614353649002
test91,0.9386108757450932
test92,0.9312999335928782
test93,0.9257147239943636
test94,0.9276341391452875
test95,0.9302374402991671
test96,0.929154796574466
test97,0.9342601195570138
test98,0.9358220328771458
test99,0.9358815819491749
test100,0.9435793326526415
test101,0.9526392189704024
test102,0.9552156652264335
test103,0.9476671837831008
test104,0.9380508299637864
test105,0.9310598526813542
test106,0.9323383921854071
test107,0.9343053110016084
test108,0.9318816094349405
test109,0.935524201645233
test110,0.9360699132123079
test111,0.9369766665957846
test112,0.9459026079193958
test113,0.956737688615377
test114,0.9613684916027008
test115,0.9496001848711166
test116,0.9391833749610393
test117,0.9320550505930399
test118,0.9325729512851523
test119,0.9359266574997639
test120,0.9352766420613917
test121,0.9412827655550279
test122,0.9432385984345284
test123,0.9456959255700219
test124,0.95326585533422
test125,0.9663383910814579
test126,0.9726025156294474
test127,0.9599387456800286
test128,0.9473940312121009
test129,0.9397554996842099
test130,0.9423271144453136
test131,0.9456211587094879
test132,0.943166922796618
test133,0.9454281891852688
test134,0.9519678127072293
test135,0.9555882801823646
test136,0.9642748488878682
test137,0.9805485601394749
test138,0.9841781567762586
test139,0.9689941462244942
test140,0.9569387605216324
test141,0.9455721144167754
